title,price,location,area,rooms
AZOT CONCEPT: Nowe mieszkanie z windą i balkonem w super cenie!,479 000 zł,Jaworzno - 20 czerwca 2025,202563 m²,Brak danych
GOTOWE ! Czeka na swojego właściciela!,493 500 zł,Sosnowiec - 23 czerwca 2025,"202565,80 m²",Brak danych
"Apartament 59 m2 - LEVITYN , atrakcyjna lokalizacja",530 000 zł,Pabianice - Odświeżono dnia 13 lipca 2025,"202559,60 m²",Brak danych
"Przytulny apartament 2 pokoje, Czechów ul. Braci Wieniawskich",379 000 złdo negocjacji,Lublin - Odświeżono Dzisiaj o 00:46,4632 m²,2 pokoje
"Dwupokojowe mieszkanie - ul. Smoleńska 66, Warszawa Targówek",550 000 złdo negocjacji,"Warszawa, Targówek - Odświeżono Dzisiaj o 16:03","0332,06 m²",Brak danych
"Piękne 2 pok. z tarasem, miejscem w hali, komórką lokatorską w Oliwie",1 190 000 złdo negocjacji,"Gdańsk, Oliwa - Odświeżono Dzisiaj o 02:40",4050 m²,2 pokoje
mieszkanie Warszawa E. Plater bez pośredników,2 990 000 złdo negocjacji,"Warszawa, Śródmieście - Odświeżono Dzisiaj o 18:14",14113 m²,Brak danych
"3 pokoje | 50,94 m² | Balkon + Piwnica | 10 piętro | Bielany Piaski",698 000 zł,"Warszawa, Bielany - Odświeżono dnia 14 lipca 2025","50,94 m²",3 pokoje
Nowe 3 pokojowe 58 m mieszkanie z garderobą do wprowadzenia,699 000 zł,"Łódź, Bałuty - Odświeżono Dzisiaj o 11:28",2858 m²,3 pokoje
"MIVO PRESTIGE Apartament nr 18 – ul. Modzelewskiego 3, Białystok",177 000 zł,"Białystok, Dojlidy - Odświeżono Dzisiaj o 17:34","3418,60 m²",Brak danych
Sprzedam nowe mieszkanie na zamkniętym osiedlu w Suwałkach,390 000 złdo negocjacji,Suwałki - Odświeżono Dzisiaj o 01:30,3040 m²,Brak danych
MIESZKANIE 3 POKOJE 47 m2 ulica Dworska 13c,448 900 zł,"Katowice, Brynów-cz. Wsch.-Osiedle Zgrzebioka - Odświeżono Dzisiaj o 16:45",4547 m²,3 pokoje
"Sprzedam 3 pokojowe mieszkanie 46,16m2",250 000 złdo negocjacji,Ostrowiec Świętokrzyski - Odświeżono Dzisiaj o 01:07,"0746,16 m²",3 pokoje
Stylowe M3 po generalnym remoncie obok przystanku LKA,359 000 zł,"Łódź, Bałuty - 13 lipca 2025","202537,46 m²",Brak danych
"Komfortowe, 3- pok mieszkanie dwupoziomowe | film",759 000 zł,"Wrocław, Krzyki - 30 czerwca 2025",202571 m²,Brak danych
"Weekendowa promocja, mieszkanie M3 w super cenie",299 000 zł,Rybnik - Odświeżono dnia 14 lipca 2025,"202541,10 m²",Brak danych
OKAZJA!/widne 3 pokoje/2 balkony/Południe+Wschód/Warszawa-Marki,790 978 zł,"Warszawa, Targówek - Odświeżono Dzisiaj o 11:07","0760,38 m²",3 pokoje
Mieszkanie Opole ZWM 51M2 2 Pokoje Balkon Winda dla niepełnosprawnych,499 000 złdo negocjacji,Opole - Odświeżono dnia 14 lipca 2025,202550 m²,2 pokoje
"MIVO PRESTIGE Apartament nr 25 – ul. Modzelewskiego 3, Białystok",270 000 zł,"Białystok, Dojlidy - Odświeżono Dzisiaj o 17:20","2031,68 m²",Brak danych
"Nowoczesne, jasne mieszkanie z balkonem – gotowe do wprowadzenia!",370 000 złdo negocjacji,Zielona Góra - Odświeżono Dzisiaj o 13:53,5330 m²,Brak danych
"Dęblin  – dwupokojowe super lokalizacja 37,5 m2 – 230 000",230 000 złdo negocjacji,Dęblin - Odświeżono Dzisiaj o 10:41,"4137,50 m²",Brak danych
Mieszkanie Gotowe do Wprowadzenia z Garażem,449 000 zł,Rzeszów - Odświeżono Dzisiaj o 16:09,"0931,27 m²",Brak danych
"Gotowa Kawalerka 18 m2 ul. Dworcowa 12, Idealna pod inwestycję. Okazja",199 999 złdo negocjacji,Olsztyn - Odświeżono dnia 14 lipca 2025,"202517,50 m²",Brak danych
Sprzedam Kawalerkę,330 000 zł,"Łódź, Śródmieście - Odświeżono Dzisiaj o 12:08","0832,50 m²",Brak danych
Sprzedam mieszkanie Ursus Skorosze przy ul. Tomcia Palucha 14,609 590 złdo negocjacji,"Warszawa, Ursus - Odświeżono Dzisiaj o 17:12",1232 m²,Brak danych
"OKAZJA!!! - TANIO - Mieszkanie 3 pokojowe - 63,29 m - Gdynia Pogórze,",569 000 złdo negocjacji,"Gdynia, Pogórze - Odświeżono dnia 14 lipca 2025","202563,29 m²",3 pokoje
Mieszkanie 55m2 z komórka lokatorska (garaż*),750 000 złdo negocjacji,Otwock - 14 lipca 2025,202555 m²,Brak danych
"Mieszkanie 2P 42,56m² - Ogródek - Garaż - Parkitka - Bezpośrednio",380 000 zł,"Częstochowa, Parkitka - Odświeżono Dzisiaj o 19:37","42,56m²",Brak danych
"REZERWACJA!#bezpośre bodnio Nowe 2 pokoje, mieszkanie umeblowane z AGD",644 400 zł,"Warszawa, Białołęka - 01 lipca 2025",202536 m²,2 pokoje
"2-pokojowe mieszkanie 50,4 m² Dąbrowa Górnicza",379 900 złdo negocjacji,Dąbrowa Górnicza - Odświeżono Dzisiaj o 11:37,"50,4 m²",Brak danych
Stylowe mieszkanie w kamienicy – po generalnym remoncie 58m2,423 400 złdo negocjacji,Brzeg - Odświeżono Dzisiaj o 12:22,2258 m²,Brak danych
Mieszkanie na sprzedaż,800 000 zł,Lublin - Odświeżono dnia 14 lipca 2025,202562 m²,Brak danych
Mieszkanie 4 pokojowe wysoki standard,818 750 złdo negocjacji,Kielce - Odświeżono dnia 14 lipca 2025,"202565,50 m²",4 pokoje
Super oferta inwestycyjna!,379 000 zł,"Warszawa, Włochy - Odświeżono Dzisiaj o 19:19","1924,62 m²",Brak danych
Mieszkanie do remontu,550 000 zł,"Wrocław, Krzyki - Odświeżono Dzisiaj o 20:22",2261 m²,Brak danych
MIESZKANIE ulica Młodych Patriotów 6,288 000 zł,"Gliwice, Trynek - Odświeżono Dzisiaj o 16:55",5528 m²,Brak danych
Świetna inwestycja ! Czynsz tylko 300zł./m-c !,118 000 zł,Grudziądz - Dzisiaj o 09:40,4025 m²,Brak danych
Okazja!2pokoje z możliwością 3-Świetna lokalizacja Powstańców Warszawy,349 000 złdo negocjacji,Zielona Góra - Odświeżono Dzisiaj o 17:11,"1144,90 m²",2 pokoje
3pokoje z loggią! Os. Chrobrego - niski blok,569 000 zł,"Poznań, Śródka - Dzisiaj o 17:09","0963,80 m²",3 pokoje
sprzedam mieszkanie,259 000 zł,Bartoszyce - Odświeżono dnia 13 lipca 2025,"202556,70 m²",Brak danych
"APARTAMENT 450 m od MORZA | NIECHORZE | bezpośrednio, bez PROWIZJI!",712 170 złdo negocjacji,Niechorze - 14 lipca 2025,202548 m²,Brak danych
"Księże Małe, ul. Chorzowska/3 pokoje, po remoncie",584 900 zł,"Wrocław, Krzyki - 04 lipca 2025","202548,30 m²",3 pokoje
"Mieszkanie 3 pokojowe - Gdynia Obłuże Centrum, Unruga",579 000 złdo negocjacji,"Gdynia, Obłuże - Odświeżono dnia 14 lipca 2025","202553,20 m²",3 pokoje
Sprzedam mieszkanie - Os. Bocianek 2 pokoje,390 000 złdo negocjacji,Kielce - Odświeżono Dzisiaj o 16:05,"0547,30 m²",2 pokoje
"2-pokojowe ""m"" w pełnym rozkładzie, duża ustawna kuchnia, parter!!!",304 900 złdo negocjacji,"Łódź, Bałuty - Odświeżono Dzisiaj o 10:06","0646,10 m²",Brak danych
"Kawalerka 38 m² za odstępne – Łódź Górna, okolice Placu Niepodległości",25 000 złdo negocjacji,"Łódź, Górna - Dzisiaj o 15:41",38 m²,Brak danych
!-Okazja-5min Do Rynku-2pok-Media Miejskie-Zieleń-,455 000 zł,"Wrocław, Stare Miasto - Odświeżono Dzisiaj o 00:12","1242,10 m²",2 pokoje
Piękne 100 m2 świeżo po remoncie. Klima. Okolice Wyspy Młyńskiej,489 000 zł,Bydgoszcz - Odświeżono Dzisiaj o 01:32,3263 m²,Brak danych
"Bezpośrednio 2 pokoje Kraków,Os. Albertyńskie!Do zamieszkania",689 000 złdo negocjacji,"Kraków, Czyżyny - Odświeżono Dzisiaj o 09:51","5142,28 m²",2 pokoje
"Mieszkanie 3 pokojowe / parter - Zabrze, Zaborze",280 000 zł,Zabrze - Odświeżono Dzisiaj o 13:42,4247 m²,3 pokoje
"Rezerwacja Mieszkanie 3 pokojowe, pow. 46,85 m2, 1 piętro, niski blok.",395 000 złdo negocjacji,"Łódź, Górna - Odświeżono Dzisiaj o 15:36","3646,85 m²",3 pokoje
"Lublin, os. Botanik - mieszkanie 1 pok. z miejscem parkingowym.",369 000 złdo negocjacji,Lublin - Odświeżono Dzisiaj o 07:42,4231 m²,1 pokoje
Dwupokojowe mieszkanie | os. Generałów | ul. Grota-Roweckiego,550 000 zł,Olsztyn - 22 czerwca 2025,"202549,84 m²",Brak danych
Kawalerka Premium ul. Krzemieniecka 8 Bezpośrednio,580 000 zł,"Warszawa, Bielany - 22 czerwca 2025","202524,81 m²",Brak danych
Centrum Gdańska TOP Lokalizacja | Moż. 4 pok | 2 Balkony | 1 - Piętro,949 900 zł,"Gdańsk, Śródmieście - Odświeżono dnia 13 lipca 2025",202567 m²,4 pokoje
Mieszkanie na sprzedaż Aleja Słowackiego,579 000 złdo negocjacji,"Kraków, Krowodrza - Odświeżono Dzisiaj o 19:48",4829 m²,Brak danych
"Kawalerka pod inwestycję, parter, obok Hanza Tower, spółdzielcze",309 000 zł,"Szczecin, Centrum - Odświeżono Dzisiaj o 00:45","4529,54 m²",Brak danych
"Sprzedam apartamenty nad morzem, Jastrzębia Góra.",407 550 zł,Jastrzębia Góra - Odświeżono Dzisiaj o 16:32,"3231,35 m²",Brak danych
3-pokojowe mieszkanie 58 m² – bez pośredników,515 000 złdo negocjacji,Toruń - Odświeżono dnia 14 lipca 2025,58 m²,Brak danych
"Mieszkanie, Szczecin",789 000 zł,"Szczecin, Bukowe - Odświeżono Dzisiaj o 14:34",3485 m²,Brak danych
48M2 - Pierwsze Piętro !,265 000 zł,Grudziądz - Dzisiaj o 09:38,3848 m²,Brak danych
*ŚCISŁE CENTRUM*2pok.*Inwestycyjne*Blisko Uczelni*Lipowa*Waryńskiego*,445 000 złdo negocjacji,"Białystok, Centrum - Odświeżono Dzisiaj o 03:10",1040 m²,2 pokoje
Mieszkanie 52m2 z podziemnym garażem  na sprzedaż,470 000 zł,Kętrzyn - Odświeżono Dzisiaj o 20:07,0752 m²,Brak danych
Kawalerka na sprzedaż,259 000 zł,Krapkowice - Odświeżono Dzisiaj o 11:49,4938 m²,Brak danych
Centrum- Stare Miasto 2 pokoje,359 000 zł,Olsztyn - Odświeżono dnia 14 lipca 2025,"202531,20 m²",2 pokoje
Mieszkanie 38m² ⭐2 pokoje⭐Balkon⭐Piwnicav,469 000 zł,"Warszawa, Targówek - Odświeżono dnia 13 lipca 2025",38m²,2 pokoje
Zobacz na żywo dzisiaj! Parking! Ostatnia szansa!,440 000 zł,"Gdańsk, Orunia - Św. Wojciech - Lipce - Odświeżono dnia 13 lipca 2025","202543,66 m²",Brak danych
"Chojny Dąbrowa Kurak Po remoncie, loggia, wystawa na 2 strony",365 000 zł,"Łódź, Górna - Odświeżono dnia 09 lipca 2025",202537 m²,Brak danych
Mieszkanie 4-pokojowe 71 m2 z garażem,659 000 zł,Olsztyn - Dzisiaj o 14:48,4871 m²,Brak danych
"Sprzedam mieszkanie 35,2m2 w zielonej okolicy, Warszawa - Ursus",530 000 zł,"Warszawa, Ursus - Odświeżono Dzisiaj o 09:06","0635,20 m²",Brak danych
Trynek | Mieszkanie 3-pokojowe | Po generalnym remoncie | PRYWATNIE,438 000 złdo negocjacji,"Gliwice, Trynek - Odświeżono Dzisiaj o 01:48","4849,51 m²",Brak danych
"TANIO mieszkanie 4 pokoje, 72,8 metra, wieżowiec, winda. Gniezno os. Ł",429 999 złdo negocjacji,Gniezno - Odświeżono Dzisiaj o 13:40,"4072,50 m²",4 pokoje
"Wyjątkowo Przytulne, Jasne i Kameralne Mieszkanie",419 000 zł,Rumia - Odświeżono Dzisiaj o 16:05,"0541,10 m²",Brak danych
"Mieszkanie 3 pokojowe, wysoki standard",1 200 000 zł,"Wrocław, Krzyki - Odświeżono Dzisiaj o 20:26","2662,90 m²",3 pokoje
Sprzedam Mieszkanie,650 000 złdo negocjacji,"Warszawa, Białołęka - Odświeżono dnia 14 lipca 2025",202541 m²,Brak danych
"Sprzedam mieszkanie 60 m² – os. Piaski, ul. Waszyngtona - BEZPOŚREDNIO",479 000 zł,"Białystok, Centrum - Odświeżono Dzisiaj o 16:05",60 m²,Brak danych
"Mieszkanie w klimatycznej kamienicy, 2 pok. 36m2  - Śródmieście",349 000 złdo negocjacji,Gorzów Wielkopolski - Odświeżono dnia 14 lipca 2025,"202535,75 m²",2 pokoje
Apartament z tarasem bez posrednikow,479 000 zł,"Katowice, Brynów-cz. Wsch.-Osiedle Zgrzebioka - Odświeżono Dzisiaj o 14:02",0248 m²,Brak danych
Sprzedam mieszkanie o powierzchni 44m,130 000 zł,Chorzele - 04 lipca 2025,202544 m²,Brak danych
"2 pokoje, garderoba, balkon, KLIMA, po GENERALNYM Remoncie",599 000 złdo negocjacji,"Wrocław, Fabryczna - Odświeżono dnia 13 lipca 2025",202539 m²,2 pokoje
"Mieszkanie Sobola Biel 65m2, dwa balkony, garaż w cenie",649 000 złdo negocjacji,Suwałki - 11 lipca 2025,202565 m²,Brak danych
WYJĄTKOWE Marina Mokotów 3 pokoje i gabinet + ogród,1 989 000 zł,"Warszawa, Mokotów - Odświeżono Dzisiaj o 14:30","3077,23 m²",3 pokoje
Mieszkanie po remoncie - parter,499 000 zł,Chrzanów - Odświeżono Dzisiaj o 20:36,3661 m²,Brak danych
Komfortowe 35m w centrum Pruszkowa.,495 000 zł,Pruszków - Odświeżono Dzisiaj o 12:00,0035 m²,Brak danych
"Apartament z ogrodem, Garaż na 2 auta, komórka lokatorska,Bezpośrednio",568 000 złdo negocjacji,Bielsko-Biała - Odświeżono Dzisiaj o 15:48,4850 m²,Brak danych
Studio mieszkanie/Mokotów,2 750 zł,"Warszawa, Mokotów - Odświeżono Dzisiaj o 10:49",4923 m²,Brak danych
Przytulne mieszkanie z balkonem w centrum Ostródy po remoncie,310 000 zł,Ostróda - Odświeżono Dzisiaj o 13:38,"3829,05 m²",Brak danych
Mieszkania na piętrze 74m2 + balkon,444 000 zł,Chojnice - Dzisiaj o 08:15,1574 m²,Brak danych
"BEZPOŚREDNIO,  mieszkanie w cichej okolicy, teren zamknięty, parking",399 000 zł,"Łódź, Górna - Odświeżono dnia 14 lipca 2025",202544 m²,Brak danych
Mieszkanie w Wolsztynie/Komorowo wolne od zaraz,295 000 złdo negocjacji,Wolsztyn - Odświeżono Dzisiaj o 15:55,"5541,75 m²",Brak danych
Mieszkanie 36m²⭐PO REMONCIE⭐2 pokoje⭐Piwnica⭐Metro,748 000 zł,"Warszawa, Mokotów - Odświeżono Dzisiaj o 14:24",36m²,2 pokoje
"Mieszkanie 2-pokojowe, SIENNA",496 800 zł,Pabianice - Odświeżono dnia 13 lipca 2025,202546 m²,Brak danych
"Mieszkanie w Żywcu 58,7 m² | Stan deweloperski",634 000 zł,Żywiec - Odświeżono Dzisiaj o 14:29,"58,7 m²",Brak danych
Piękne 2 pokoje z loggią - Gdańsk  Śródmieście,699 000 zł,"Gdańsk, Śródmieście - Odświeżono dnia 14 lipca 2025","202540,50 m²",2 pokoje
"Piękne, klimatyczne mieszkanie 52 m2 na kołobrzeskiej starówce.",695 000 złdo negocjacji,Kołobrzeg - Dzisiaj o 11:45,4552 m²,Brak danych
Mieszkanie Pass/Błonie,430 000 złdo negocjacji,Pass - Odświeżono dnia 14 lipca 2025,"202548,60 m²",Brak danych
Konstantynów mieszkanie bezczynszowe idealne na wynajem 72.4 m2,499 000 złdo negocjacji,Lublin - Odświeżono Dzisiaj o 17:24,"2472,40 m²",Brak danych
Dwupokojowe ustawne mieszkanie | świetna lokalizacja |  1. piętro,205 000 złdo negocjacji,Ruda Śląska - Odświeżono Dzisiaj o 01:39,"3937,80 m²",Brak danych
3 pokojowe z ogrodem i dużą piwnicą. Umeblowane - do zamieszkania.,580 000 zł,Poznań - Odświeżono Dzisiaj o 15:26,26102 m²,3 pokoje
"Karolew, 36 m² z balkonem – idealne do własnej aranżacji",262 000 złdo negocjacji,"Łódź, Polesie - Odświeżono Dzisiaj o 13:34",36 m²,Brak danych
Do remontu | Duży balkon | Skomunikowane,615 000 zł,"Warszawa, Ochota - Odświeżono Dzisiaj o 20:18","1843,24 m²",Brak danych
Mieszkanie blisko centrum cisza spokój przyjazne sąsiedztwo Daleka 9,449 000 zł,"Białystok, Piasta I - Odświeżono Dzisiaj o 11:35",3561 m²,Brak danych
Bezczynszowe 3 Pokojowe mieszkanie 57m2 Chorzów,224 000 zł,Chorzów - Dzisiaj o 13:17,"1753,80 m²",3 pokoje
Mieszkanie z garażem na Gocławiu. Bez pośredników.,892 000 zł,"Warszawa, Praga-Południe - Odświeżono Dzisiaj o 14:36",3651 m²,Brak danych
Mieszkanie 43m²⭐2 pokoje⭐Piwnica⭐Dobra lokalizacja,615 000 zł,"Warszawa, Żoliborz - Odświeżono dnia 13 lipca 2025",43m²,2 pokoje
"Kameralny Apartament,Zakopane Jaszczurówka ,Taras,Sauna Właściciel.",749 000 złdo negocjacji,Zakopane - Odświeżono dnia 12 lipca 2025,202530 m²,Brak danych
‼️Gotowe 2 pokoje‼️ Hala Garażowa ‼️ 7 min od Metra Wierzbno‼️,785 000 zł,"Warszawa, Mokotów - Dzisiaj o 16:47","4739,30 m²",2 pokoje
‼️15min Skm do Centrum - 3 pok + Hala Garażowa‼️,785 875 zł,Warszawa - Odświeżono Dzisiaj o 11:51,5160 m²,3 pokoje
"Mieszkanie 2P 42,56m² - Ogródek - Garaż - Parkitka - Bezpośrednio",380 000 zł,"Częstochowa, Parkitka - Odświeżono Dzisiaj o 19:37","42,56m²",Brak danych
"Klimontów, zielone serce miasta. 2-pokojowe mieszkanie z balkonem.",299 000 zł,Sosnowiec - Odświeżono Dzisiaj o 16:38,"3851,25 m²",Brak danych
Mieszkanie na parterze 64m2 + ogródek,416 000 zł,Chojnice - Dzisiaj o 08:17,1764 m²,Brak danych
Sprzedam kawalerkę Stegny,540 000 złdo negocjacji,"Warszawa, Mokotów - Odświeżono dnia 14 lipca 2025",202531 m²,Brak danych
Mieszkanie w zielonej i cichej okolicy,499 000 zł,"Szczecin, Golęcino - Odświeżono Dzisiaj o 12:14",1453 m²,Brak danych
"3-pokojowe mieszkanie 64,7 m² z 2 balkonami - Czuby ul. Jemiołuszki",695 000 złdo negocjacji,Lublin - Odświeżono Dzisiaj o 14:14,"64,7 m²",Brak danych
M4 Mieszkanie 3 pokoje parter z ogródkiem Radogoszcz Wschód,480 000 zł,"Łódź, Bałuty - Odświeżono Dzisiaj o 17:56",5650 m²,3 pokoje
Mieszkanie Łukasiewicza,330 000 złdo negocjacji,Płock - Dzisiaj o 13:29,"2953,30 m²",Brak danych
Mieszkanie 2 pokojowe / 44m / LOGGIA,419 000 zł,Bydgoszcz - Odświeżono Dzisiaj o 13:23,2344 m²,2 pokoje
Nowoczesna kawalerka z tarasem | Spokojna i zielona okolica | Bieżanów,330 000 zł,"Kraków, Bieżanów-Prokocim - 21 czerwca 2025","202525,40 m²",Brak danych
"Mieszkanie M3 po remoncie 45,5 m2 Bartodzieje Bydgoszcz",395 000 zł,Bydgoszcz - Odświeżono dnia 14 lipca 2025,"202545,50 m²",Brak danych
Mieszkanie po remoncie 2 pokoje,389 000 zł,Lublin - Odświeżono Dzisiaj o 14:07,"0731,47 m²",2 pokoje
* Bliźniak z ogródkiem * strych * świetna lokalizacja * tramwaj *,730 000 zł,Łódź - Odświeżono Dzisiaj o 12:26,"2685,16 m²",Brak danych
"Łódź-Górna, 2 pokoje z balkonem, do remontu z opcją 3‑pokojowego, 34m2",244 000 zł,"Łódź, Górna - Odświeżono Dzisiaj o 15:28","2834,40 m²",2 pokoje
Stary Rynek 133m2 z możliwością podziału na 2 mieszkania. Parking,1 330 000 zł,Bydgoszcz - Odświeżono dnia 14 lipca 2025,"2025133,50 m²",Brak danych
"Małe, ale z charakterem. 2 pokoje z widokiem",299 000 zł,Rzeszów - Dzisiaj o 14:55,"5526,50 m²",2 pokoje
"OSTATNIE  mieszkanie   68 m2  ,  bezczynszowe ,  z  ogródkiem",399 000 zł,Wieliczka - Odświeżono Dzisiaj o 12:20,2068 m²,Brak danych
"Mieszkanie, 46,62 m2, Koszarowa",536 130 zł,Siedlce - Odświeżono Dzisiaj o 12:17,"1746,62 m²",Brak danych
Mieszkanie 53m²⭐2/3 pokoje⭐Balkon⭐Piwnica⭐Metro⭐KW,748 000 zł,"Warszawa, Ursynów - Odświeżono Dzisiaj o 13:57",53m²,3 pokoje
Atrakcyjne mieszkanie 3 pokojowe plus antresola,668 000 zł,"Poznań, Wilda - Odświeżono Dzisiaj o 17:06","0670,11 m²",3 pokoje
Sprzedam Mieszkanie Bydgoszcz Okole OKAZJA,279 000 złdo negocjacji,Bydgoszcz - Odświeżono Dzisiaj o 19:56,5639 m²,Brak danych
"Got. do zamieszkania, jasne, dobra lokalizacja, garaż podziemny, winda",630 000 złdo negocjacji,Jarosław - Odświeżono Dzisiaj o 16:55,"5569,78 m²",Brak danych
"Mieszkanie 18,5 m2 w Centrum Żyrardowa",155 000 zł,Żyrardów - Odświeżono dnia 13 lipca 2025,"202518,50 m²",Brak danych
"Mieszkanie, Szczecin",789 000 zł,"Szczecin, Bukowe - Odświeżono Dzisiaj o 14:34",3485 m²,Brak danych
"Na sprzedaż słoneczne 2-pok mieszkanie, 51 m2 po remoncie, os. Piaski",649 000 złdo negocjacji,"Białystok, Piaski - Odświeżono dnia 12 lipca 2025",202551 m²,Brak danych
"Sprzedam mieszkanie, Wyszyńskiego 13, nowy blok, winda, 52m, Budomex",499 000 złdo negocjacji,Międzyrzec Podlaski - Odświeżono Dzisiaj o 15:43,4352 m²,Brak danych
lokalizacja w Centrum,362 000 zł,Września - Dzisiaj o 14:49,4973 m²,Brak danych
Widne mieszkanie 3-pokojowe w kameralnym bloku z monitoringiem Bielany,1 040 000 zł,"Warszawa, Bielany - Odświeżono Dzisiaj o 20:22","2257,01 m²",Brak danych
Mieszkanie Nowy Sącz ZAMENHOFFA 50.95m /Zamiana na dzialke,365 000 złdo negocjacji,Nowy Sącz - Odświeżono dnia 14 lipca 2025,"202550,95 m²",Brak danych
"Sprzedam mieszkanie Braniewo, Armii Krajowej, 52m2 (2 pokoje)",365 000 złdo negocjacji,Braniewo - Odświeżono Dzisiaj o 15:28,2852 m²,2 pokoje
Mieszkanie w Centrum 4- pokojowe ul. Hetmańska 24,695 000 złdo negocjacji,Rzeszów - Odświeżono dnia 14 lipca 2025,"202564,40 m²",Brak danych
3 pokojowe mieszkanie po kapitalnym remoncie Konstantynów Kopernika 19,540 000 zł,Konstantynów Łódzki - Odświeżono Dzisiaj o 17:34,3461 m²,3 pokoje
Mieszkanie Dwupokojowe Osiedle Sudeckie,229 900 złdo negocjacji,Świebodzice - Odświeżono Dzisiaj o 17:24,"2446,47 m²",Brak danych
"KRZYKI, Borek, 3 pokoje, pełen rozkład, BALKON",749 000 złdo negocjacji,"Wrocław, Krzyki - Odświeżono Dzisiaj o 19:51",5163 m²,3 pokoje
Mieszkanie w centrum miasta,410 000 zł,Sochaczew - Odświeżono Dzisiaj o 14:56,"5649,50 m²",Brak danych
Zielona enklawa w sercu stolicy,1 750 000 zł,"Warszawa, Wola - 30 czerwca 2025","202562,40 m²",Brak danych
"Mieszkanie 58 m2, 1 piętro, Płońsk, Ks. Romualda Jaworskiego",380 000 zł,Płońsk - Dzisiaj o 10:09,"0958,15 m²",Brak danych
"Wyjątkowe, 3-pokojowe, po remoncie - z widokiem na Tatry i Tyniec",769 000 zł,"Kraków, Zwierzyniec - Odświeżono dnia 12 lipca 2025",202552 m²,Brak danych
Mieszkanie 56m2 - gotowe do sprzedaży,454 000 zł,"Łódź, Widzew - Odświeżono Dzisiaj o 14:04","0456,84 m²",Brak danych
Sprzedam komfortowe mieszkanie w świetnej lokalizacji-bezpośrednio,682 000 zł,Chorzów - Odświeżono Dzisiaj o 11:02,0284 m²,Brak danych
"MIESZKANIE 39 m Oświęcim, Zasole",295 000 złdo negocjacji,Oświęcim - Odświeżono dnia 14 lipca 2025,202540 m²,Brak danych
"Mieszkanie 4 pokoje 72,50 m2 Nagórki",629 000 złdo negocjacji,Olsztyn - Odświeżono Dzisiaj o 10:20,"2072,50 m²",4 pokoje
Super zlokalizowane mieszkanie na znanym osiedlu Shiraz Park,612 000 zł,"Gdynia, Pogórze - Dzisiaj o 09:09",0950 m²,Brak danych
Bezczynszowe mieszkanie z parkingiem i ogrodem - ukończona budowa,495 000 złdo negocjacji,Bełchatów - Dzisiaj o 12:31,3182 m²,Brak danych
Mieszkanie 51m2 na sprzedaż ul. BOCIANA,710 000 zł,"Kraków, Prądnik Czerwony - Odświeżono Dzisiaj o 01:51",5151 m²,Brak danych
Idealne mieszkanie blisko centrum,569 000 złdo negocjacji,Zawada - Odświeżono Dzisiaj o 16:07,0757 m²,Brak danych
Dom/Mieszkanie z ogródkiem  Prudnik Młyńska,185 000 złdo negocjacji,Prudnik - Odświeżono Dzisiaj o 18:21,21278 m²,Brak danych
"Mieszkanie dwupokojowe, Żyrardów",359 000 zł,Żyrardów - Dzisiaj o 13:23,"2336,20 m²",Brak danych
"BEZ POŚREDNIKÓW Zazamcze-Rajska, M-4 58m2, 3/4 p, czynsz tylko 448 zł.",365 000 złdo negocjacji,Włocławek - 09 lipca 2025,202558 m²,Brak danych
Mieszkanie Gotowe do Wprowadzenia z Garażem,449 000 zł,Rzeszów - Odświeżono Dzisiaj o 16:09,"0931,27 m²",Brak danych
Mieszkanie sprzedam,349 000 złdo negocjacji,Bytom - Odświeżono dnia 14 lipca 2025,"202551,20 m²",Brak danych
"Mieszkanie 56 m2, 3 pokoje, w pełni wyposażone, 3 piętro, Ursus",790 000 złdo negocjacji,"Warszawa, Ursus - Odświeżono Dzisiaj o 00:34",3456 m²,3 pokoje
Mieszkanie 3 pokojowe-63m2,550 złdo negocjacji,Dobczyce - Odświeżono Dzisiaj o 16:23,2363 m²,3 pokoje
Kawalerka I centrum I umeblowane I Łódź,339 000 złdo negocjacji,"Łódź, Śródmieście - Odświeżono Dzisiaj o 10:22","2226,63 m²",Brak danych
Mieszkanie 2 pokojowe przy wejściu do Metra Płocka - do remontu,490 000 zł,"Warszawa, Wola - Odświeżono dnia 14 lipca 2025","202530,28 m²",2 pokoje
Jagiellońska 9 - przytulne M3 na Tysiącleciu!,265 000 złdo negocjacji,Radomsko - Odświeżono dnia 14 lipca 2025,"202548,15 m²",Brak danych
Przestronne 3 pokojowe mieszkanie z garażem osiedle Bielany,440 000 złdo negocjacji,Legnica - Dzisiaj o 19:59,"5967,60 m²",3 pokoje
"Mieszkanie 58m2, LSM, 3 pokoje, prywatnie",590 000 złdo negocjacji,Lublin - Odświeżono Dzisiaj o 16:28,2858 m²,3 pokoje
Okazja !! Klimatyczne mieszkanie z ogródkiem w centrum !,348 000 złdo negocjacji,Sulechów - Odświeżono dnia 14 lipca 2025,202558 m²,Brak danych
"Mini segment, 3 pokoje - 41,58m2",474 000 zł,"Warszawa, Białołęka - Dzisiaj o 11:48","4841,58 m²",3 pokoje
os. Kopernika ! TRZECIE PIĘTRO,164 000 zł,Grudziądz - Dzisiaj o 09:40,4032 m²,Brak danych
Przestronne 3 pokoje dla rodziny | Krzyki,839 000 zł,"Wrocław, Krzyki - 24 czerwca 2025","202575,11 m²",3 pokoje
Sprzedam mieszkanie,165 000 złdo negocjacji,Sławno - Odświeżono dnia 14 lipca 2025,202534 m²,Brak danych
sprzedam lokal mieszkalny,215 000 złdo negocjacji,Złocieniec - Odświeżono dnia 14 lipca 2025,"202537,30 m²",Brak danych
Przytulne 2 pokoje Wrocławska obok uczelnia WAT,610 000 zł,"Warszawa, Bemowo - Odświeżono Dzisiaj o 16:53","5335,60 m²",2 pokoje
"MIeszkanie osiedle zieleniec, bezpośrednio!",465 000 złdo negocjacji,Mała Nieszawka - Odświeżono Dzisiaj o 12:41,4154 m²,Brak danych
"Mieszkanie 2-pokojowe 54,5m2 po podłodze + GARAŻ, Lublin, Czuby",475 000 zł,Lublin - Odświeżono Dzisiaj o 13:18,"1846,10 m²",Brak danych
Apartament 3 pokojowy  - przy Motławie - obok Wyspa Spichrzów,602 800 zł,"Gdańsk, Śródmieście - Odświeżono dnia 14 lipca 2025",202550 m²,3 pokoje
"Mieszkanie w szeregu na nowym osiedlu w Słupsku, blisko morza",489 000 zł,Słupsk - Dzisiaj o 17:45,4552 m²,Brak danych
3 pokojowe na Osiedlu Królewskim!,649 000 zł,Rumia - Odświeżono Dzisiaj o 14:56,"5651,43 m²",3 pokoje
"Mieszkanie 63 m2, kom. lokat. 2 miejsca parkingowe w garażu podziemnym",640 000 zł,Góra Kalwaria - Odświeżono Dzisiaj o 11:41,4163 m²,Brak danych
"Sprzedaż mieszkania. Nowa, niższa cena",294 000 złdo negocjacji,"Łódź, Górna - Odświeżono dnia 14 lipca 2025",202538 m²,Brak danych
Mieszkanie 44 mkw na sprzedaż Mińsk Mazowiecki Klonowa 21B,570 000 złdo negocjacji,Mińsk Mazowiecki - Dzisiaj o 07:51,"5144,21 m²",Brak danych
2 pok.| Blisko SKM | Generalny remont | Sprzedam bezpośrednio,489 000 złdo negocjacji,"Gdynia, Chylonia - Odświeżono Dzisiaj o 16:47",4739 m²,2 pokoje
Okazja Nowa Cena 2 pokojowe mieszkanie przy ul. Smętka w Olsztynie,445 000 zł,Olsztyn - Odświeżono dnia 14 lipca 2025,"202547,90 m²",2 pokoje
1 PIĘTRO 2 pokoje po remoncie. Balkon.,439 999 zł,"Łódź, Bałuty - Odświeżono Dzisiaj o 18:29",2945 m²,2 pokoje
Mieszkanie na sprzedaż,800 000 zł,Lublin - Odświeżono dnia 14 lipca 2025,202562 m²,Brak danych
"OKAZJA!!! Wrocław, Mieszkanie 101m2, 4 pok, ogródek - bezpośrednio!",899 000 złdo negocjacji,"Wrocław, Psie Pole - Odświeżono Dzisiaj o 14:44","44100,80 m²",4 pokoje
"Mieszkanie 2 pokoje, 50,24 m2, Stara Ochota. Stan do remontu.",780 000 złdo negocjacji,"Warszawa, Ochota - Odświeżono Dzisiaj o 11:57","5750,24 m²",2 pokoje
Fajne po remoncie kapitalnym- możesz mieć swój ogródek,630 000 zł,"Kraków, Podgórze Duchackie - Odświeżono Dzisiaj o 16:31",3145 m²,Brak danych
"Zalesie, kawalerka  2 pokoje do zamieszkania bądź pod inwestycje",365 000 zł,Rzeszów - Odświeżono Dzisiaj o 01:47,4725 m²,2 pokoje
"OKRZEI 44, CENTRUM Żyrardowa, topowa lokalizacja ! * GWARANCJA CENY *",448 500 zł,Żyrardów - Odświeżono Dzisiaj o 10:33,3339 m²,Brak danych
"Mieszkanie 55m2, osiedle Zadole, Katowice",419 000 złdo negocjacji,"Katowice, Ligota-Panewniki - Odświeżono Dzisiaj o 00:02",0255 m²,Brak danych
Mieszkanie 49 m^2 Zduńska Wola Karsznice,279 000 złdo negocjacji,Zduńska Wola - Odświeżono Dzisiaj o 02:17,1749 m²,Brak danych
Mieszkanie Kawalerka 2 piętro,159 000 zł,Płock - Odświeżono dnia 14 lipca 2025,"202520,10 m²",Brak danych
Wprowadź się od razu – umeblowane M3,219 000 zł,Będzin - Dzisiaj o 14:47,"4738,63 m²",Brak danych
Mieszkanie tylko 700 M od morza!,169 000 zł,Mielenko - Dzisiaj o 09:43,"43107,47 m²",Brak danych
"Sprzedam mieszkanie 48,5m ul Rydza-Śmigłego, Tarnów, blok 2 piętro",385 000 złdo negocjacji,Tarnów - 14 lipca 2025,"202548,50 m²",Brak danych
Komfortowe i eleganckie mieszkanie na sprzedaz Gdynia Centrum,500 000 złdo negocjacji,"Gdynia, Działki Leśne - 05 lipca 2025","202542,10 m²",Brak danych
Mieszkanie Szczecin Płonia,580 000 zł,Mazurkowo - Odświeżono Dzisiaj o 17:06,0664 m²,Brak danych
Mieszkanie nowe o wysokim standardzie,1 037 000 zł,"Gdańsk, Letnica - Odświeżono Dzisiaj o 12:29","2957,40 m²",Brak danych
3 pokoje z balkonem ul. Wojciecha,330 000 zł,"Katowice, Giszowiec - Dzisiaj o 12:41",4154 m²,3 pokoje
Mieszkanie z wyposażeniem na sprzedaż os. Piasta,540 000 złdo negocjacji,"Białystok, Piasta I - Odświeżono dnia 14 lipca 2025","202548,20 m²",Brak danych
"NOWOCZESNE MIESZKANIE z garażem i miejscem postojowym, ul.Partyzantów.",750 000 złdo negocjacji,Siedlce - Odświeżono Dzisiaj o 11:55,5567 m²,Brak danych
Mieszkanie-Centrum-Parter-Obok Basenu-Duża Piwnica-Zapraszam,420 000 złdo negocjacji,Siemiatycze - Odświeżono dnia 14 lipca 2025,202560 m²,Brak danych
Nowe mieszkanie dwupokojowe 45m2 z garażem podziemnym/Parkowe Wzgórze,545 000 złdo negocjacji,Czechowice-Dziedzice - Odświeżono Dzisiaj o 00:12,"1244,50 m²",Brak danych
Dziewulskiego 73m2 - 4 pokoje (rozkładowe) 0/4 - NOWA CENA !!!,470 000 zł,Toruń - Odświeżono Dzisiaj o 00:17,"1773,20 m²",4 pokoje
Mieszkania z ogrodem nawet 200 m2 Ślichowice.,366 000 zł,Kielce - Odświeżono Dzisiaj o 11:06,"0636,60 m²",Brak danych
Swietne mieszkanie blisko Centrum - mozliwość aranżacji na 4 pokojowe,856 500 zł,"Kraków, Krowodrza - Odświeżono Dzisiaj o 12:23","2357,10 m²",4 pokoje
Po remoncie - 3 pokoje - blok - balkon,325 000 zł,Nowa Sól - Dzisiaj o 15:17,"1746,20 m²",3 pokoje
Kawalerka I centrum I umeblowane I Łódź,339 000 złdo negocjacji,"Łódź, Śródmieście - Odświeżono Dzisiaj o 10:22","2226,63 m²",Brak danych
"Mieszkanie 2 pokoje, 47m2 gotowe do wprowadzenia",365 000 zł,Koszalin - Odświeżono dnia 14 lipca 2025,202548 m²,2 pokoje
Nowe mieszkanie 2 pokoje z dużym ogródkiem,599 900 zł,Gdańsk - 07 lipca 2025,"202543,90 m²",2 pokoje
"REZERWACJA!!!Apartament Kołobrzeg oś. Polanki, strzeżone osiedle",599 999 złdo negocjacji,Kołobrzeg - Odświeżono Dzisiaj o 18:55,"5552,64 m²",Brak danych
Mieszkanie 2 pokojowe-40m²-miejsce postojowe-Parkitka-Bezpośrednio,340 000 zł,"Częstochowa, Parkitka - Odświeżono Dzisiaj o 19:38",40m²,2 pokoje
Mieszkanie z potencjałem +  ogródek i garaż!,180 000 zł,Dziećmierowo - 14 lipca 2025,202546 m²,Brak danych
Bezczynszowy Energooszczędny szereg z ogrodem i miejscem postojowym!,349 000 zł,Środa Wielkopolska - Dzisiaj o 08:33,3351 m²,Brak danych
"Nowe, UMEBLOWANE, mieszkanie bezczynszowe z ogródkiem! Grodzisk Wlkp",499 999 zł,Grodzisk Wielkopolski - Odświeżono Dzisiaj o 13:32,"3264,71 m²",Brak danych
Mieszkanie bezczynszowe,70 000 zł,Pilichowo - Dzisiaj o 08:58,"5828,20 m²",Brak danych
"Nowe Wykończone 2 pokoje 43,4m2 + ogródek 55m2, brak PCC, Właściciel.",859 000 zł,"Kraków, Prądnik Biały - Odświeżono Dzisiaj o 10:19","1943,40 m²",2 pokoje
SPRZEDAM 2-pokojowe mieszkanie na parterze w centrum Myszkowa,235 000 zł,Myszków - Odświeżono Dzisiaj o 12:13,"1337,70 m²",Brak danych
Sprzedam kawalerkę w Puławach – po generalnym remoncie,210 000 zł,Puławy - Dzisiaj o 14:59,5925 m²,Brak danych
"Mieszkanie 60 m2, Jana Pawła II 27, Podolszyce Płd.    BEZPOŚREDNIO !!",425 000 złdo negocjacji,Płock - Odświeżono Dzisiaj o 16:26,2660 m²,Brak danych
Mieszkanie46m2 w świetnej lokalizacji z dużym potencjałem aranżacyjnym,365 000 złdo negocjacji,Siedlce - 02 lipca 2025,202546 m²,Brak danych
⭐Dni otwarte - Ustawne 2 pokoje - 5 min od G. Mokotów⭐,651 000 zł,"Warszawa, Mokotów - Dzisiaj o 12:48","4838,02 m²",2 pokoje
"3-pokojowe ustawne mieszkanie, bardzo dobra lokalizacja, blisko parku",360 000 złdo negocjacji,"Łódź, Widzew - 10 lipca 2025",202548 m²,Brak danych
Mieszkanie w Śródmieściu na sprzedaż,399 000 zł,Opole - 14 lipca 2025,"202536,36 m²",Brak danych
Sprzedam mieszkanie na Poniatowskiego,470 000 złdo negocjacji,Siedlce - Dzisiaj o 07:07,"0770,19 m²",Brak danych
"Nowy apartament 60,99m2 ul. Jeziorna 19B OKAZJA",610 000 złdo negocjacji,Ełk - Odświeżono dnia 14 lipca 2025,"202560,99 m²",Brak danych
"Luksusowe mieszkanie, zlokalizowane w atrakcyjnym miejscu przy lesie",549 000 złdo negocjacji,Leszno - Odświeżono dnia 14 lipca 2025,"202546,70 m²",Brak danych
"2 pokojowe, 49 m2, słoneczne - Olecko",269 000 zł,Olecko - Dzisiaj o 14:23,2349 m²,2 pokoje
Mieszkanie na sprzedaż,243 000 zł,Jaworzno - Odświeżono Dzisiaj o 15:50,5034 m²,Brak danych
Kawalerka z dużym balkonem! Cechowa/ Pogórze Duchackie - Piaski,249 900 zł,"Kraków, Podgórze Duchackie - Dzisiaj o 17:56",5621 m²,Brak danych
WYŻYNY / mieszkanie 3 pokojowe / balkon,499 000 złdo negocjacji,Bydgoszcz - Odświeżono Dzisiaj o 13:26,2653 m²,3 pokoje
"Klimatyczna kawalerka z antresolą – zabytkowa kamienica, 1. piętro",249 000 zł,Jarosław - Dzisiaj o 17:36,"3638,58 m²",Brak danych
Mieszkanie po remoncie w Łebuni!,277 000 zł,Łebunia - 14 lipca 2025,"202540,20 m²",Brak danych
Piękne 3 pokoje z balkonem.,359 000 zł,Włocławek - 12 lipca 2025,202549 m²,3 pokoje
"Mieszkanie po remoncie, osiedle XXX-lecia, 49m2",320 000 zł,Wodzisław Śląski - 19 czerwca 2025,202549 m²,Brak danych
"2 pokojowe i 3 pokojowe, nowe mieszkania w zabudowie szeregowej",370 000 zł,Puławy - 07 lipca 2025,"202546,40 m²",2 pokoje
Mieszkanie 40m2 - gotowe do odbioru,325 000 zł,"Łódź, Widzew - Odświeżono Dzisiaj o 14:07","0740,18 m²",Brak danych
"kawalerka do remontu, 1 pietro, 27 metrow, felinskiego",220 000 zł,"Łódź, Górna - Odświeżono Dzisiaj o 01:09",0927 m²,Brak danych
Twoje własne 56 m² czeka! Teraz w promocji!,340 000 zł,Będzin - Dzisiaj o 14:48,56 m²,Brak danych
Krowodrza Suterena Kawalerka 2 pokoje Wrocławska Wielkotyrnowska,165 000 zł,"Kraków, Krowodrza - 14 lipca 2025",202520 m²,2 pokoje
"Tychy, Żwaków, 3 pokoje 64,9m, duży taras",439 000 zł,Tychy - 14 lipca 2025,"202564,90 m²",3 pokoje
Mieszkanie inwestycyjne - Gdynia,390 000 zł,"Gdynia, Chylonia - 14 lipca 2025","202542,96 m²",Brak danych
REZERWACJA! BARDZO PILNA SPRZEDAŻ mieszkania od wlasciciela w centrum!,485 000 zł,Bytom - Odświeżono Dzisiaj o 01:00,"0096,86 m²",Brak danych
"LSM ul. Rzeckiego. 3 pokoje po remoncie, dostepne od zaraz.",540 000 złdo negocjacji,Lublin - Odświeżono Dzisiaj o 12:43,"4348,20 m²",3 pokoje
Mieszkanie 3 pokojowe z otwartą kuchnią,368 000 złdo negocjacji,Wałbrzych - Odświeżono Dzisiaj o 09:37,3763 m²,3 pokoje
Sprzedam 2 pokojowe mieszkanie. Wysoki standard.,189 000 zł,Świętochłowice - Dzisiaj o 18:20,2035 m²,2 pokoje
Apartament W Orłowie W Pięknej Rezydencji,2 515 953 zł,"Gdynia, Orłowo - Odświeżono Dzisiaj o 11:39","39105,27 m²",Brak danych
Komfortowe Mieszkanie z balkonem i ogrodem Łagiewniki,420 000 złdo negocjacji,Łagiewniki - Odświeżono dnia 13 lipca 2025,202550 m²,Brak danych
"Przestronny, 3 pokojowy, dwustronny apartament na zamkniętym osiedlu!",960 000 zł,Piaseczno - 01 lipca 2025,"202585,75 m²",3 pokoje
2-pokojowe mieszkanie - Reden,330 000 zł,Dąbrowa Górnicza - Dzisiaj o 15:36,3652 m²,Brak danych
Mieszkanie. Wrzosy. Piękna okolica. Mieszkanie,554 998 zł,Toruń - Odświeżono dnia 14 lipca 2025,"202545,54 m²",Brak danych
Karolew – mieszkanie z potencjałem aranżacyjnym,364 000 zł,"Łódź, Polesie - 14 lipca 2025","202552,10 m²",Brak danych
Mieszkanie z ogródkiem,129 000 zł,Wodzisław Śląski - Odświeżono dnia 14 lipca 2025,202541 m²,Brak danych
0% PROWIZJI | KLIMATYZACJA | Wysoki standard | Tysiąclecie | 2 pokoje,379 000 zł,"Częstochowa, Tysiąclecie - Odświeżono Dzisiaj o 13:54","5443,30 m²",2 pokoje
Mieszkanie z balkonem z zasobów Wtbs,159 000 zł,Wejherowo - 14 lipca 2025,"202543,43 m²",Brak danych
2-pokojowe mieszkanie na Os. Rosochy,201 000 zł,Ostrowiec Świętokrzyski - 14 lipca 2025,202548 m²,Brak danych
"Nowe mieszkanie, Siedlce, ul. Sowińskiego, 50,55 m2",545 940 zł,Siedlce - Odświeżono Dzisiaj o 16:42,"4250,55 m²",Brak danych
"UKOŃCZONE -> Apartamenty NOWA KORABKA -> ŁOWICZ, ul. Matejki",348 480 zł,Łowicz - Odświeżono Dzisiaj o 10:38,"3839,60 m²",Brak danych
Osiedle Dziekana - 2 pokoje z balkonem- do odświeżenia!,287 000 zł,"Czeladź, Piaski - Dzisiaj o 15:49",4945 m²,2 pokoje
